Country Name,Country Code,Series Name,Series Code,1960 [YR1960],1961 [YR1961],1962 [YR1962],1963 [YR1963],1964 [YR1964],1965 [YR1965],1966 [YR1966],1967 [YR1967],1968 [YR1968],1969 [YR1969],1970 [YR1970],1971 [YR1971],1972 [YR1972],1973 [YR1973],1974 [YR1974],1975 [YR1975],1976 [YR1976],1977 [YR1977],1978 [YR1978],1979 [YR1979],1980 [YR1980],1981 [YR1981],1982 [YR1982],1983 [YR1983],1984 [YR1984],1985 [YR1985],1986 [YR1986],1987 [YR1987],1988 [YR1988],1989 [YR1989],1990 [YR1990],1991 [YR1991],1992 [YR1992],1993 [YR1993],1994 [YR1994],1995 [YR1995],1996 [YR1996],1997 [YR1997],1998 [YR1998],1999 [YR1999],2000 [YR2000],2001 [YR2001],2002 [YR2002],2003 [YR2003],2004 [YR2004],2005 [YR2005],2006 [YR2006],2007 [YR2007],2008 [YR2008],2009 [YR2009],2010 [YR2010],2011 [YR2011],2012 [YR2012],2013 [YR2013],2014 [YR2014],2015 [YR2015],2016 [YR2016],2017 [YR2017],2018 [YR2018]
China,CHN,"Population, total",SP.POP.TOTL,667070000,660330000,665770000,682335000,698355000,715185000,735400000,754550000,774510000,796025000,818315000,841105000,862030000,881940000,900350000,916395000,930685000,943455000,956165000,969005000,981235000,993885000,1008630000,1023310000,1036825000,1051040000,1066790000,1084035000,1101630000,1118650000,1135185000,1150780000,1164970000,1178440000,1191835000,1204855000,1217550000,1230075000,1241935000,1252735000,1262645000,1271850000,1280400000,1288400000,1296075000,1303720000,1311020000,1317885000,1324655000,1331260000,1337705000,1344130000,1350695000,1357380000,1364270000,1371220000,1378665000,1386395000,..
China,CHN,Population growth (annual %),SP.POP.GROW,1.83286768126466,-1.01552778731319,0.820455548748518,2.45764740395145,2.32068298706855,2.38136810251949,2.78733183821693,2.5706976197388,2.61090262648529,2.74000210569558,2.76167556645304,2.74691554961857,2.45735692952286,2.28339536396383,2.06595501335632,1.76639178162482,1.54733797287665,1.36277947570678,1.33818233834084,1.33392795351687,1.25422105193987,1.28095234429252,1.47267476016581,1.4449496950092,1.31206876113779,1.36169911825369,1.48739892914903,1.6036050865576,1.61007108578698,1.53316999599862,1.46730321087928,1.36443400840349,1.2255362283362,1.14961943083465,1.13026063215591,1.08650915088974,1.04814151412165,1.02345002419879,0.959550406298151,0.865851392993279,0.787956592953992,0.726380637838525,0.669999567758626,0.622860936133583,0.593932815112141,0.588124989556992,0.558374367373002,0.522271866392275,0.51238693163744,0.497381400884935,0.482959688678361,0.47915045424996,0.487231117971201,0.49370963351136,0.506311591779847,0.508136747291937,0.541478512050099,0.559121331017265,..
China,CHN,Surface area (sq. km),AG.SRF.TOTL.K2,..,9562950,9562950,9562950,9562950,9562950,9562950,9562950,9562950,9562950,9562950,9562950,9562950,9562950,9562950,9562950,9562950,9562950,9562950,9562950,9562950,9562950,9562950,9562950,9562950,9562950,9562950,9562950,9562950,9562950,9562950,9562950,9562950,9562950,9562950,9562940,9562930,9562930,9562930,9562930,9562920,9562914.375,9562913.125,9562912.5,9562912.5,9562911.875,9562911.25,9562910.625,9562910.625,9562911.25,9562911.25,9562911.25,9562911.25,9562911.25,9562911.25,9562911.25,9562910,9562910,9562910
China,CHN,Population density (people per sq. km of land area),EN.POP.DNST,..,70.3357920805262,70.9152397944239,72.6796793864671,74.3860676909967,76.1787340558677,78.3319575000666,80.3717412723351,82.497803104945,84.7894975101856,87.1637419114318,89.5912443746172,91.8200942667696,93.9408302931856,95.9017921337843,97.6108433414108,99.132958751631,100.493169653556,101.846989588049,103.214656618646,104.517348813677,105.864777780737,107.435358027321,108.999014725854,110.438580140069,111.952706840998,113.630335792081,115.467206348361,117.341357547999,119.154261976407,120.915506084734,122.576625036615,124.088088834447,125.522861023087,126.949644502437,128.336621134526,129.688982907321,131.023100200996,132.286384121395,133.436760709953,134.492481002789,135.473046225577,136.383780699482,137.235922173683,138.053436689892,138.867764954442,139.645345113,140.376590666872,141.097707849945,141.801240358753,142.487739610674,143.172108531324,143.871389770868,144.583452998035,145.317352120725,146.057642237226,146.850677605209,147.674050750889,..
China,CHN,Poverty headcount ratio at national poverty lines (% of population),SI.POV.NAHC,..,..,..,..,..,..,..,..,..,..,..,..,..,..,..,..,..,..,..,..,..,..,..,..,..,..,..,..,..,..,..,..,..,..,..,..,..,..,..,..,..,..,..,..,..,..,..,..,..,..,17.2,12.7,10.2,8.5,7.2,5.7,4.5,3.1,..
China,CHN,Poverty headcount ratio at $1.90 a day (2011 PPP) (% of population),SI.POV.DDAY,..,..,..,..,..,..,..,..,..,..,..,..,..,..,..,..,..,..,..,..,..,..,..,..,..,..,..,..,..,..,66.2,..,..,56.6,..,..,41.7,..,..,40.2,..,..,31.7,..,..,18.5,..,..,14.8,..,11.2,7.9,6.5,1.9,1.4,0.7,..,..,..
China,CHN,"GNI, Atlas method (current US$)",NY.GNP.ATLS.CD,..,..,45785721837.9479,52458957992.8711,61334480059.395,71765163909.7662,79658878356.1032,75176193055.92,73036609316.1847,85347647220.1954,100211444556.65,105767767755.274,114722051027.908,140517018667.205,162063302545.973,187352698228.468,173660731274.618,183675112500.134,188044354379.593,203198526532.919,214942958228.867,223173149674.185,222244989139.507,229305429127.706,259438144171.881,301493272301.297,331331017118.306,350371073902.918,365535074736.855,358707278877.96,374114476760.07,407837101602.396,459969835154.324,493366126021.288,556606018294.526,649708982237.542,795429943352.7,926902817755.587,991096043369.344,1072776189305.84,1181545268968.97,1287525564211.01,1423131569873.26,1648275876486.48,1959579219658.51,2295108727607.9,2706545225091.67,3310849593447.07,4106005860085.48,4906167803930.67,5810912041729.88,6798155266064.74,8027337163774.01,9223788349188.01,10264903104174.9,10897469726624.5,11380444692237.1,12042905971235.1,..
China,CHN,"GNI per capita, Atlas method (current US$)",NY.GNP.PCAP.CD,..,..,70,80,90,100,110,100,90,110,120,130,130,160,180,200,190,190,200,210,220,220,220,220,250,290,310,320,330,320,330,350,390,420,470,540,650,750,800,860,940,1010,1110,1280,1510,1760,2060,2510,3100,3690,4340,5060,5940,6800,7520,7950,8250,8690,..
China,CHN,"GNI, PPP (current international $)",NY.GNP.MKTP.PP.CD,..,..,..,..,..,..,..,..,..,..,..,..,..,..,..,..,..,..,..,..,..,..,..,..,..,..,..,..,..,..,1122664992330.72,1267035844431.25,1477889750787.38,1718438986367.23,1984549718208.33,2215803192250.09,2484373316774.75,2768422952926.51,3003358251904.19,3292959808987.32,3658024425430.58,4044356394270.69,4500262671907.65,5071087064372.77,5757755728023.56,6590918280499.75,7697429124896.49,9064257914642.07,10174245785121,11127284163791.8,12428653114694.9,13828218549059.2,15307713054021.5,16687368910670.5,18416237268488.3,19797246732918.7,21365130655137.9,23290784798906.9,..
China,CHN,"GNI per capita, PPP (current international $)",NY.GNP.PCAP.PP.CD,..,..,..,..,..,..,..,..,..,..,..,..,..,..,..,..,..,..,..,..,..,..,..,..,..,..,..,..,..,..,990,1100,1270,1460,1670,1840,2040,2250,2420,2630,2900,3180,3510,3940,4440,5060,5870,6880,7680,8360,9290,10290,11330,12290,13500,14440,15500,16800,..
China,CHN,Income share held by lowest 20%,SI.DST.FRST.20,..,..,..,..,..,..,..,..,..,..,..,..,..,..,..,..,..,..,..,..,..,..,..,..,..,..,..,..,..,..,8.3,..,..,..,..,..,7.4,..,..,6.5,..,..,5.6,..,..,5.8,..,..,5.3,..,5.1,5.4,5.4,6.2,6.3,6.4,..,..,..
China,CHN,"Life expectancy at birth, total (years)",SP.DYN.LE00.IN,43.725,44.051,44.783,45.972,47.592,49.549,51.696,53.847,55.843,57.603,59.085,60.303,61.344,62.281,63.134,63.915,64.631,65.278,65.857,66.377,66.843,67.256,67.618,67.933,68.21,68.451,68.661,68.842,69.002,69.15,69.293,69.437,69.587,69.75,69.935,70.156,70.427,70.747,71.115,71.521,71.955,72.401,72.84,73.257,73.642,73.987,74.291,74.562,74.808,75.032,75.236,75.425,75.602,75.769,75.932,76.092,76.252,76.41,..
China,CHN,"Fertility rate, total (births per woman)",SP.DYN.TFRT.IN,5.748,5.919,6.089,6.237,6.346,6.396,6.375,6.286,6.133,5.92,5.648,5.322,4.956,4.57,4.181,3.809,3.472,3.18,2.938,2.753,2.63,2.57,2.56,2.582,2.623,2.661,2.675,2.654,2.593,2.489,2.35,2.187,2.021,1.868,1.739,1.639,1.571,1.527,1.503,1.494,1.497,1.508,1.524,1.54,1.554,1.565,1.572,1.577,1.581,1.586,1.59,1.594,1.599,1.604,1.61,1.617,1.624,1.631,..
China,CHN,"Adolescent fertility rate (births per 1,000 women ages 15-19)",SP.ADO.TFRT,67.9496,66.8288,65.708,62.8214,59.9348,57.0482,54.1616,51.275,46.9252,42.5754,38.2256,33.8758,29.526,26.6892,23.8524,21.0156,18.1788,15.342,15.9712,16.6004,17.2296,17.8588,18.488,19.4904,20.4928,21.4952,22.4976,23.5,22.0616,20.6232,19.1848,17.7464,16.308,15.0276,13.7472,12.4668,11.1864,9.906,9.6088,9.3116,9.0144,8.7172,8.42,8.158,7.896,7.634,7.372,7.11,7.064,7.018,6.972,6.926,6.88,6.7856,6.6912,6.5968,6.5024,6.408,..
China,CHN,"Contraceptive prevalence, any methods (% of women ages 15-49)",SP.DYN.CONU.ZS,..,..,..,..,..,..,..,..,..,..,..,..,..,..,..,..,..,..,..,..,..,..,69.5,..,..,74,..,..,71.1,..,..,..,84.6,..,90.6999969482,90.4000015259,91.0999984741,83.8,..,83,83.8,86.9,..,..,..,..,84.6,..,89.3,89,89.1,88.6,87.9,..,..,..,..,..,..
China,CHN,Births attended by skilled health staff (% of total),SH.STA.BRTC.ZS,..,..,..,..,..,..,..,..,..,..,..,..,..,..,..,..,..,..,..,..,..,..,..,..,..,..,..,..,..,..,94,93.7,84.1,83.6,90.4,89.3,93.1,93.8,..,96.8,96.6,97.3,96.7,95.9,97.3,97.5,97.8,98.4,99.1,99.3,99.6,99.7,99.8,99.9,99.9,99.9,..,..,..
China,CHN,"Mortality rate, under-5 (per 1,000 live births)",SH.DYN.MORT,..,..,..,..,..,..,..,..,..,117.2,111.5,105.8,100.5,95.1,89.7,84.3,79,74,69.6,65.7,62.3,59.5,57.3,55.7,54.6,53.9,53.7,53.8,53.9,54,53.8,53.2,52.3,50.9,49.3,47.4,45.5,43.5,41.4,39.2,36.8,34.2,31.5,28.9,26.3,24,21.9,20,18.5,17,15.8,14.6,13.5,12.5,11.6,10.8,10,9.3,..
China,CHN,"Prevalence of underweight, weight for age (% of children under 5)",SH.STA.MALN.ZS,..,..,..,..,..,..,..,..,..,..,..,..,..,..,..,..,..,..,..,..,..,..,..,..,..,..,..,18.7,..,..,12.6,..,14.2,..,..,10.7,..,..,6.9,..,7.4,..,6.8,..,..,4.5,..,..,3.8,3.4,3.4,..,..,2.4,..,..,..,..,..
China,CHN,"Immunization, measles (% of children ages 12-23 months)",SH.IMM.MEAS,..,..,..,..,..,..,..,..,..,..,..,..,..,..,..,..,..,..,..,..,..,..,..,78,84,88,63,77,95,95,98,92,87,81,75,80,84,83,83,84,84,85,85,85,86,86,93,94,97,99,99,99,99,99,99,99,99,99,..
China,CHN,"Primary completion rate, total (% of relevant age group)",SE.PRM.CMPT.ZS,..,..,..,..,..,..,..,..,..,..,..,..,..,..,..,..,..,..,..,..,..,..,..,..,..,..,..,..,..,101.895957946777,102.674751281738,103.474731445313,99.0645065307617,100.26416015625,102.01309967041,96.9682998657227,91.8436279296875,89.8559494018555,..,..,..,..,..,..,..,..,89.1412811279297,94.084831237793,103.232208251953,105.66828918457,106.322250366211,103.598678588867,..,99.8866195678711,..,..,..,..,..
China,CHN,"School enrollment, primary (% gross)",SE.PRM.ENRR,..,..,..,..,..,..,..,..,..,..,107.593200683594,106.220741271973,107.364532470703,114.408813476563,118.155563354492,120.911712646484,121.580116271973,117.05184173584,111.565330505371,110.546356201172,111.32991027832,113.044380187988,112.850723266602,113.02108001709,113.876091003418,118.962532043457,123.532676696777,127.908973693848,129.365600585938,129.086990356445,127.428031921387,123.575508117676,120.309852600098,116.698013305664,113.358901977539,110.553062438965,107.354248046875,105.256439208984,105.618591308594,..,..,110.276069641113,114.662307739258,118.948318481445,..,..,105.474166870117,107.893592834473,109.653861999512,109.362091064453,107.45686340332,105.906700134277,105.233711242676,103.87622833252,99.2027893066406,99.3332290649414,100.853813171387,102.052871704102,..
China,CHN,"School enrollment, secondary (% gross)",SE.SEC.ENRR,..,..,..,..,..,..,..,..,..,..,27.9571800231934,37.7428894042969,45.4994087219238,51.5570297241211,47.9807815551758,48.4200286865234,56.0503387451172,56.8820495605469,53.6343116760254,49.5701103210449,43.0292510986328,38.9332809448242,33.2360916137695,30.4903297424316,30.0230503082275,31.4232501983643,33.1503791809082,35.3498916625977,36.9468193054199,37.19921875,37.4352111816406,39.693489074707,42.7265014648438,45.4694404602051,46.9014892578125,50.4073791503906,54.5773010253906,56.9693984985352,..,59.7505416870117,59.6548805236816,59.7167587280273,59.986759185791,61.8509902954102,..,..,70.0199279785156,75.0220794677734,79.8158798217773,84.0127487182617,88.0304412841797,91.0833435058594,92.5681304931641,95.0299530029297,..,..,..,..,..
China,CHN,"School enrollment, primary and secondary (gross), gender parity index (GPI)",SE.ENR.PRSC.FM.ZS,..,..,..,..,..,..,..,..,..,..,..,..,..,..,..,..,0.820990025997162,0.826080024242401,0.830479979515076,0.818199992179871,0.811980009078979,0.794979989528656,0.781069993972778,0.777620017528534,0.781620025634766,0.787349998950958,0.808619976043701,0.826449990272522,0.83313000202179,0.842639982700348,0.848559975624084,0.860369980335236,0.874170005321503,0.881269991397858,0.901970028877258,0.915700018405914,0.92874002456665,0.936039984226227,..,..,..,0.965690016746521,..,0.966019988059998,..,..,0.989329993724823,0.992699980735779,0.998109996318817,1.00460004806519,0.990350008010864,0.994029998779297,0.998830020427704,1.00780999660492,1.01124000549316,1.01338005065918,1.01194000244141,1.01504004001617,..
China,CHN,"Prevalence of HIV, total (% of population ages 15-49)",SH.DYN.AIDS.ZS,..,..,..,..,..,..,..,..,..,..,..,..,..,..,..,..,..,..,..,..,..,..,..,..,..,..,..,..,..,..,..,..,..,..,..,..,..,..,..,..,..,..,..,..,..,..,..,..,..,..,..,..,..,..,..,..,..,..,..
China,CHN,Forest area (sq. km),AG.LND.FRST.K2,..,..,..,..,..,..,..,..,..,..,..,..,..,..,..,..,..,..,..,..,..,..,..,..,..,..,..,..,..,..,1571405.9375,1591265.9375,1611125.78125,1630985.625,1650845.625,1670705.46875,1690565.46875,1710425.3125,1730285.15625,1750145.15625,1770005,1802091.875,1834178.59375,1866265.46875,1898352.1875,1930439.0625,1945571.875,1960704.53125,1975837.34375,1990970.15625,2006102.96875,2021525,2036947.03125,2052369.0625,2067790.9375,2083212.96875,2098635,..,..
China,CHN,Terrestrial and marine protected areas (% of total territorial area),ER.PTD.TOTL.ZS,..,..,..,..,..,..,..,..,..,..,..,..,..,..,..,..,..,..,..,..,..,..,..,..,..,..,..,..,..,..,..,..,..,..,..,..,..,..,..,..,..,..,..,..,..,..,..,..,..,..,..,..,..,..,..,..,15.9392803086493,14.5876416474392,..
China,CHN,"Annual freshwater withdrawals, total (% of internal resources)",ER.H2O.FWTL.ZS,..,..,..,..,..,..,..,..,..,..,..,..,..,..,..,..,..,..,..,..,..,..,15.7731958762887,..,..,..,..,17.1027372911482,..,..,..,..,17.7746178457163,..,..,..,..,18.6775684322787,..,..,..,..,19.5449697831497,..,..,..,..,20.3092783505155,..,..,..,..,21.3224315677213,..,21.3224315677213,..,..,..,..
China,CHN,Urban population growth (annual %),SP.URB.GROW,4.93549473168107,2.0535955782573,3.87367811011942,5.49364102057992,5.32734351055203,1.21054285461748,1.83735115939042,1.84240345667628,1.88292890180956,2.01239514705866,2.02873595918483,2.12429188312895,1.83083167159415,2.28339576291405,2.69247959731461,2.38901572313462,1.89157239197393,1.70583298538571,3.48394507218723,5.26137093097064,5.15728370456645,5.13186895071821,5.29566624595188,4.47484202161229,4.3204330245138,4.33904712359308,4.4381005931631,4.5315822084455,4.51483099420354,4.4026320383107,4.30967848070248,4.60168513214318,4.42511729026799,4.30154774283787,4.24584059723498,4.15963799418302,4.08605174394273,4.00828550795805,3.90807856569896,3.77008872976608,3.64925271115854,4.05956575767596,4.19800114764631,4.07840352649768,3.97537212954358,3.88247297575862,3.67472809325703,3.51125555182775,3.43395768889026,3.33810246782671,3.25536549409244,3.05606997004894,2.93954228534437,2.87600166976336,2.82948268527963,2.76955113521558,2.7440693748531,2.69354013822354,..
China,CHN,Energy use (kg of oil equivalent per capita),EG.USE.PCAP.KG.OE,..,..,..,..,..,..,..,..,..,..,..,464.933156978023,477.168708745635,483.717375331655,486.167985783307,527.488337452736,537.174731514959,577.21101059404,617.154901089247,619.043662313404,609.455195748215,597.14671013246,606.830437325878,621.910717182477,651.074958647795,657.759736070939,671.209503276184,694.422359979152,720.341495783521,724.116105126715,766.995329395649,736.851801386885,752.628662540666,788.128723566749,816.162889997357,866.834374260803,881.653737423514,871.756323801394,869.358607334522,878.52453551629,898.987313140273,928.811433738255,984.810714620431,1118.43177274138,1268.13290434581,1393.69132405731,1515.1736777471,1630.17102857988,1672.90411994066,1778.43351862146,1954.72255616896,2086.48690379651,2155.16478775741,2213.75932679132,2236.72990756962,..,..,..,..
China,CHN,CO2 emissions (metric tons per capita),EN.ATM.CO2E.PC,1.17038137226978,0.836046900792028,0.661428164381093,0.640001899360285,0.625646053941047,0.665524211218076,0.710891381561055,0.574162146975018,0.60545199674633,0.725149509123457,0.942934534989582,1.04223969658961,1.08067663654397,1.09819569131687,1.09736711056811,1.25012409495905,1.28528313553995,1.38884289658754,1.52920110964112,1.5426750986837,1.49525074931082,1.46043181655825,1.56673968353113,1.62905590778943,1.75044806018373,1.87105479144466,1.93943425697654,2.03841068876927,2.1509052249848,2.15307791087471,2.15157090606377,2.22943963920124,2.30946367545945,2.44280065934625,2.56599389177193,2.75575496636525,2.84430958153669,2.82056789057578,2.67674598026467,2.64864924664833,2.69686243322549,2.74212081298895,3.0070831974383,3.52407409267308,4.03799065100399,4.52317806354125,4.98031419657976,5.33490992916681,5.7019150246668,6.01010243303337,6.56052000702696,7.24151541889549,7.42475091638009,7.55721104480691,7.54390764144927,..,..,..,..
China,CHN,Electric power consumption (kWh per capita),EG.USE.ELEC.KH.PC,..,..,..,..,..,..,..,..,..,..,..,151.989347346645,163.911928819183,175.933736988911,174.233353695785,199.039715406566,204.030364731354,220.657053065594,246.555772277797,267.374265354668,281.624687256366,285.817775698396,299.197921933712,317.020257790894,336.411641308803,362.812071852641,391.351624968363,426.554493166734,461.797518222997,487.373173021052,510.619854913516,548.953753106589,604.693683099136,662.63704558569,727.107359659684,770.280241190849,821.080859102296,852.740686543503,870.617222318398,913.963447975829,992.943384720171,1076.54912135865,1194.85629490784,1379.48463210183,1585.83878247787,1782.31215291627,2039.0146603408,2325.92676902765,2446.36905458402,2612.45662004417,2943.58995443689,3298.00391331196,3474.98806170157,3773.40538390134,3927.04449998901,..,..,..,..
China,CHN,GDP (current US$),NY.GDP.MKTP.CD,59716467625.3148,50056868957.6732,47209359005.6056,50706799902.5103,59708343488.5043,70436266146.7219,76720285969.6157,72881631326.6715,70846535055.6503,79705906247.4612,92602973434.0726,99800958648.1436,113687586299.051,138544284708.957,144182133387.722,163431551779.761,153940455341.506,174938098826.569,149540752829.268,178280594413.043,191149211575,195866382432.54,205089699858.779,230686747153.257,259946510957.143,309488028132.653,300758100107.246,272972974764.574,312353631207.819,347768051311.741,360857912565.966,383373318083.624,426915712711.146,444731282436.762,564324670005.917,734547898220.508,863746717503.789,961603952951.82,1029043097554.08,1093997267271.06,1211346869605.24,1339395718865.3,1470550015081.55,1660287965662.68,1955347004963.27,2285965892360.54,2752131773355.16,3552182311652.97,4598206091384,5109953609257.25,6100620488867.55,7572553836875.34,8560547314679.28,9607224481532.65,10482372109961.9,11064666282625.5,11190992550229.5,12237700479375,..
China,CHN,GDP growth (annual %),NY.GDP.MKTP.KD.ZG,..,-27.2700000039461,-5.579999990136,10.2999999952758,18.179999994202,16.950000002496,10.6500000041736,-5.77000000422507,-4.09999999214143,16.9399999961092,19.299999996256,7.0600000033518,3.80999999825444,7.7600000016445,2.31000000049113,8.72000000047512,-1.57000000275067,7.56999999917167,11.6666440032893,7.60000000000034,7.80669144981401,5.17241379310337,8.9344262295084,10.8352144469524,15.1391717583164,13.4433962264152,8.93970893970877,11.68893129771,11.2345151644596,4.18586789554524,3.90711389605613,9.29407591344449,14.2161635832521,13.8675760159137,13.0521587222365,10.9492273730684,9.92837246319102,9.23076923076908,7.83761391880728,7.66748617086637,8.49150849150834,8.33991054985566,9.13064594463337,10.0356030262568,10.1112234580387,11.3957759412304,12.7194790206908,14.231388035688,9.65428937259927,9.39981317141536,10.6361404632298,9.5364430080555,7.85626211026953,7.75763514617024,7.29766595938155,6.90020481672437,6.69999999999993,6.90000000000013,..
China,CHN,"Inflation, GDP deflator (annual %)",NY.GDP.DEFL.KD.ZG,..,15.2539937423207,-0.114964918403615,-2.62161064983476,-0.362038483550037,0.86978080473034,-1.56207083294841,0.813497276490295,1.3635757541232,-3.79252871736703,-2.61457044975077,0.665937397819818,0.0741856181012821,0.208465018568589,0.277735673280006,-1.13117515629253,-0.106286226791823,1.0937717777378,1.36495796684714,3.59170194972829,3.77819801656798,2.29981509790203,-0.0645557020328482,1.09746033352872,4.9918940249555,10.1970429177092,4.6788716875994,5.05287639947818,12.0956477483699,8.62379919798674,5.72458974265557,6.68398562706214,8.19824765399437,15.2022048091741,20.6006094439326,13.6705391035397,6.50109594553471,1.62216041536215,-0.892589361428577,-1.26840964901074,2.06146138047407,2.04311500817438,0.604850658068742,2.60544120948742,6.95432180104099,3.90263977761339,3.9279108522687,7.80501846616465,7.82740695233626,-0.133898165785595,6.94444533795253,8.15215119540369,2.39248415120095,2.225234147525,0.828373662563081,0.0933334277225555,1.13801762211685,4.05448338012222,..
China,CHN,"Agriculture, forestry, and fishing, value added (% of GDP)",NV.AGR.TOTL.ZS,23.1752941976736,35.7948551489085,38.9864050937877,39.8542017143315,38.0297979454385,37.5490196078431,37.1790120188489,39.8060416898896,41.6432544005504,37.5191112017124,34.7984383910164,33.631812446579,32.4165491302304,32.9257673608592,33.4264596668671,31.952623786807,32.3596332731045,28.9907692307692,27.6854178198334,30.7032786969509,29.6339383575962,31.3155812068692,32.7857031035218,32.5681223829416,31.5396955614797,27.9343575172623,26.6384965309993,26.3208996403948,25.2376865324238,24.611551959103,26.5843081183771,24.0340673864157,21.3288613754466,19.3074684032255,19.4742827282163,19.596519610246,19.325485548039,17.8952767359584,17.1590347601611,16.0647884668303,14.6762416552997,13.9834613523738,13.3014877128561,12.3489989653686,12.9166481669765,11.6414956027145,10.6257605277639,10.2829969681319,10.2508986328991,9.78618898134402,9.53019294093058,9.43451606248288,9.41993615797438,9.29518965196507,9.05992241632572,8.83272400747757,8.56294266093139,7.91511092019469,..
China,CHN,"Industry (including construction), value added (% of GDP)",NV.IND.TOTL.ZS,44.3915379906129,31.9321593767751,31.3113061435209,33.068973804374,35.3289339410844,35.0922722029988,37.8779054376026,33.8869691227288,31.1106014563385,35.4194271735807,40.2728429179278,41.918678008873,42.7675912866322,42.8270807633699,42.4302436609258,45.3594341174535,45.0378103459814,46.7015384615385,47.7114113725849,46.9553996813155,48.0589719159208,45.9715778916296,44.6217953861277,44.2297902574522,42.9321216162921,42.713441567362,43.5155580426998,43.3194543342495,43.525663670299,42.4971289568981,41.0339899498414,41.488478535958,43.1164462135633,46.1777049373932,46.1642378381346,46.7517368209652,47.1054471288902,47.1002589269861,45.798809317332,45.3610277970467,45.5372786448855,44.7945705627514,44.4517167834309,45.6239644217591,45.9014016538702,47.0237711494889,47.5585666676616,46.8610339034192,46.9324780216527,45.8837730595634,46.3960542453506,46.4006848003029,45.273501998455,44.0081519030388,43.1029557698618,40.9316360475411,39.8807803541086,40.4562714289808,..
China,CHN,Exports of goods and services (% of GDP),NE.EXP.GNFS.ZS,4.30582953540576,3.87081067921772,4.05265875064533,4.00544740847553,3.76896387509354,3.63898500576701,3.4944670937682,3.27722661910601,3.3025629264377,3.04759963306493,2.49155590647892,2.78806626236314,3.24792352295878,4.24134678180103,4.92980160554514,4.70472117124527,4.51047313123201,4.29846153846154,4.55595414706769,5.16284335734386,5.91161214157888,7.44757798971743,11.0196293674193,9.51780053267791,9.52669262214982,8.33680172691235,8.71217788685542,12.4821345187692,14.3823208189665,11.8443293840918,13.6147101696208,14.4878781464611,15.658219676311,16.7022945503192,18.5367485700923,17.9510180778458,17.9232955521271,19.493164459713,18.3423215825108,18.1626961583414,20.8934448164694,20.3121457448267,22.64474567395,26.9807565341723,31.0613375826931,33.8298575661779,36.0350255522634,35.388178734687,32.519573318463,24.4566512197443,26.2674140739838,26.4943227161603,25.4081958280589,24.5049814863803,23.4950582679709,21.3480716058522,19.658377570703,19.7573801017432,..
China,CHN,Imports of goods and services (% of GDP),NE.IMP.GNFS.ZS,4.42827018570165,3.48941004625497,2.9082774049217,2.85988944965153,2.86414041771549,3.18915801614764,3.23502938529147,2.97625682755546,2.91841064159165,2.40546325552951,2.46085011185682,2.13276893646465,2.5074439742987,3.75879834554822,5.4036849736535,4.8494818226682,4.32644047380044,4.08615384615385,5.09418739355899,5.92373477325849,6.51323638607585,7.4496039902587,8.67333893776168,8.40330217864287,9.50591911770801,12.3760532855031,11.1693020665084,12.3755305590728,15.6824497735417,13.2613658201336,10.6584219385709,11.4618459598733,14.4874967792173,19.353783317961,17.2330664184822,16.3230779490987,15.8914499144708,15.039852899528,14.0823746877505,15.3618705728248,18.5170939709101,18.2152135311025,20.1026579597863,24.823231465803,28.4441866417059,28.3780352999888,28.4438583515049,26.7164383295607,24.9332988840144,20.1487764678485,22.6218852995959,24.1055086672622,22.6996630039661,22.0602532874583,21.381502007129,18.1049939186778,17.375439107137,18.0460194939874,..
China,CHN,Gross capital formation (% of GDP),NE.GDI.TOTL.ZS,39.1129855111897,22.2835348535259,15.324384787472,21.2529039493711,23.8315531668821,26.6493656286044,30.1688992428655,23.7264519005685,24.7806891806662,24.7630210987667,32.6753520200026,33.3346900565754,30.9943582510578,32.7806400116102,33.1046433497189,34.9498272742227,33.1292243860001,33.7876923076923,38.4007689524622,37.0670055599969,35.3809772050586,33.6891433971173,32.7471620509667,32.6912343367883,35.1748457345148,39.8907023667969,38.5679478014419,38.1509302459858,39.9217887041399,37.9042173964078,34.7337642931763,35.8658255966815,39.8372218125649,44.2429289460642,40.948505248145,39.6846386630877,38.3723553413091,36.3371557299697,35.6786862720729,34.9647798108235,34.4296525400262,36.4222547149181,37.0775418127061,40.631549518575,42.8944901278723,41.3912114020241,40.9332726928269,41.4631515507303,43.2663744586155,46.4413040840892,47.61226022892,47.6858675391308,47.2345311103108,47.3877519865393,47.0077166222056,45.4008804111238,44.2635808837988,43.6002144073962,..
China,CHN,"Revenue, excluding grants (% of GDP)",GC.REV.XGRT.GD.ZS,..,..,..,..,..,..,..,..,..,..,..,..,..,..,..,..,..,..,..,..,..,..,..,..,..,..,..,..,..,..,..,..,..,..,..,..,..,..,..,..,..,..,..,..,..,9.62504082605658,10.1251615144333,16.7258361509573,11.0671453606294,11.643875542982,11.206306674361,11.2074793678005,..,10.9142483869522,15.808083869064,16.0385091248016,15.6889824562191,..,..
China,CHN,Time required to start a business (days),IC.REG.DURS,..,..,..,..,..,..,..,..,..,..,..,..,..,..,..,..,..,..,..,..,..,..,..,..,..,..,..,..,..,..,..,..,..,..,..,..,..,..,..,..,..,..,..,..,..,..,..,..,..,..,..,..,..,32.4,29.4,29.4,26.9,22.9,8.6
China,CHN,Domestic credit provided by financial sector (% of GDP),FS.AST.DOMS.GD.ZS,..,..,..,..,..,..,..,..,..,..,..,..,..,..,..,..,..,38.8430769230769,37.8693300852029,48.3141661560412,52.8056062425326,55.5103888303231,56.7001949010884,57.0842605307117,62.0251228852712,65.1668740423594,76.5389531876914,79.7455706704973,75.9954301407736,78.5687014878582,88.4295872175361,91.0071713617405,90.0887023584226,100.221089150347,88.6224497875161,86.9232058259275,92.4917740299,99.7846899629873,112.058338827182,118.162355873896,118.400433908427,121.659922879669,141.82417214049,150.10958040553,138.6671322758,132.590515888266,131.580293857395,125.691587761034,118.735590161894,141.68051109137,142.19877114735,140.603051388847,149.082586041538,155.735525528118,167.236891060141,193.409580233901,215.182680594683,215.237743803675,..
China,CHN,Tax revenue (% of GDP),GC.TAX.TOTL.GD.ZS,..,..,..,..,..,..,..,..,..,..,..,..,..,..,..,..,..,..,..,..,..,..,..,..,..,..,..,..,..,..,..,..,..,..,..,..,..,..,..,..,..,..,..,..,..,8.56924385784706,9.05725398274024,9.76634573013884,10.0928610003145,10.2927961014344,10.1895230968606,10.2841225780531,..,9.86976268505996,9.6724425423315,9.37428211590801,9.15738553603272,..,..
China,CHN,Military expenditure (% of GDP),MS.MIL.XPND.GD.ZS,..,..,..,..,..,..,..,..,..,..,..,..,..,..,..,..,..,..,..,..,..,..,..,..,..,..,..,..,..,2.4801866410957,2.49325830326962,2.34690960872377,2.48475857240288,1.96190727189541,1.72496768849044,1.7163366422182,1.68605113779847,1.67480208725926,1.70330037386999,1.92205312057776,1.89293844238346,2.08118419765944,2.18541270564642,2.11568631548953,2.06371059900499,2.00873488997414,2.01072344953433,1.91464898903647,1.87815614578948,2.06742610749241,1.89671314671103,1.82192749816085,1.83856391040614,1.87233362515339,1.91534127190954,1.93492242683391,1.93060638113578,1.90884497782157,..
China,CHN,Mobile cellular subscriptions (per 100 people),IT.CEL.SETS.P2,0,..,..,..,..,0,..,..,..,..,0,..,..,..,..,0,0,0,0,0,0,0,0,0,0,0,0,6.3E-05,0.000284853,0.000849973,0.001562461,0.003998037,0.014696215,0.052418431,0.127584239,0.292675451,0.54824814,1.05101637,1.882769338,3.394681872,6.644332017,11.21820253,15.8630534,20.66477271,25.48113353,29.76687407,34.68664201,40.9414866,47.69694564,55.2645244,63.17336105,72.12191839,80.87231798,88.88624773,92.51732892,92.48087287,97.25213003,104.2826788,..
China,CHN,High-technology exports (% of manufactured exports),TX.VAL.TECH.MF.ZS,..,..,..,..,..,..,..,..,..,..,..,..,..,..,..,..,..,..,..,..,..,..,..,..,..,..,..,..,..,..,..,..,6.43504926230338,7.09482489792992,8.29180329195477,10.4318146964226,12.4171240395908,13.1241800275241,15.3563987970628,17.1996039178498,18.984379699295,20.9565152730627,23.6657147800351,27.3792531524193,30.0644587178129,30.8435979901745,30.5144315701197,26.6623727519103,25.5653110416756,27.5340415761998,27.5127042706018,25.8079484045584,26.2740073401972,26.965489517382,25.3722763182791,25.6481936187409,25.2361420030407,23.814286108901,..
China,CHN,Statistical Capacity score (Overall average),IQ.SCI.OVRL,..,..,..,..,..,..,..,..,..,..,..,..,..,..,..,..,..,..,..,..,..,..,..,..,..,..,..,..,..,..,..,..,..,..,..,..,..,..,..,..,..,..,..,..,64.4444444444444,64.4444444444444,57.7777777777778,61.1111111111111,61.1111111111111,62.2222222222222,65.5555566666667,68.8888888888889,70,70,70,70,80,78.8889,77.7777666666667
China,CHN,Merchandise trade (% of GDP),TG.VAL.TOTL.GD.ZS,8.74087200326509,7.3682994498093,6.9609078988126,6.86531196347032,6.63307633172325,6.82813025605536,6.72945875364007,6.25346869579757,6.22093938191618,5.45304633574559,4.95238957231215,4.92082447555863,5.75544807749569,8.00008461069589,10.3334856059695,9.55420163974338,8.83691032992036,8.38461724369231,14.1003436194238,16.3981391784394,19.9006837049257,22.475015596493,20.2867330873511,18.9070245856056,20.6000072102636,22.4893998064982,24.5532871678826,30.2788215834495,32.9062926537949,32.1133581934154,31.9893221071876,35.3965687227091,38.7722904244556,44.0047749570726,41.9299407905592,38.2363084395738,33.5608800734723,33.814544855172,31.4806056976612,32.9644333481363,39.1545156801014,38.0508159628703,42.2131851098974,51.2554458985276,59.0460412944293,62.2015404845654,63.9663775202823,61.2742198749127,55.7447828361363,43.2006857361836,48.749156014982,48.0929562001337,45.1737354849826,43.290286471338,41.0357498748976,35.7266446093123,32.9332450491571,33.5613541688001,..
China,CHN,Net barter terms of trade index (2000 = 100),TT.PRI.MRCH.XD.WD,..,..,..,..,..,..,..,..,..,..,..,..,..,..,..,..,..,..,..,..,117.4418605,120.2380952,117.2839506,100,96.59090909,92.55319149,85.10638298,94.50549451,90.72164948,102.173913,102.1052632,101.0309278,103.0927835,101.0416667,102.0408163,101.9417476,105.9405941,110.2040816,110.6382979,104.1237113,100,97.44044044,92.1116663499999,92.93084125,90.76772409,88.4425546899999,89.47295338,88.5462090399999,83.81236263,91.09617167,82.05059399,79.0487429899999,79.7552362299999,80.64771598,82.94858096,92.53320683,92.32820219,87.29451198,..
China,CHN,"External debt stocks, total (DOD, current US$)",DT.DOD.DECT.CD,..,..,..,..,..,..,..,..,..,..,0,0,0,0,0,0,0,0,0,0,0,5798013609.4,8359968254.8,9611696896,12088935352.5,16699215995.6,23719315917.2,35339526722.2,42438957562.4,44932469163.1,55301409898.8,60259186451.5,72427961534.7,85927714669.9,100456866411.3,118089793047,128817088407.6,146696949209.9,144006759291.8,148585024687.2,145666456763.7,184075288994.2,185214342120.1,206555671002.3,245763240401.9,283309817740.6,323134650199.8,373457373820.2,380164832856.9,447662220680.1,734465439730.7,1044355045183.4,1138247404151.7,1471616045761.4,1770458358717.7,1325868482042.5,1415801082540.2,1710235081884.9,..
China,CHN,"Total debt service (% of exports of goods, services and primary income)",DT.TDS.DECT.EX.ZS,..,..,..,..,..,..,..,..,..,..,..,..,..,..,..,..,..,..,..,..,..,..,8.5924549828137,10.8809215876289,7.95929531402312,8.37267846293985,9.70164668252778,9.59381344259845,9.63398329984593,11.364784641873,11.6854750368432,11.9296641244236,10.2093667452495,11.14198250137,8.91413297891417,9.88363986151134,8.80223201484949,12.6123661322593,12.5451629025233,16.8011650521446,13.1349160431843,11.4697161899431,12.1465532843731,8.11902080963903,3.72026286832196,3.38032305721206,2.62816931485059,2.37394013001581,2.06952285293905,2.93112330906881,2.9771620147898,2.9098582541583,3.07716646393558,3.03042431393198,3.00887628427257,4.89368500401806,6.82685586739838,7.61761644848707,..
China,CHN,Net migration,SM.POP.NETM,..,..,-1131180,..,..,..,..,-160289,..,..,..,..,-1081485,..,..,..,..,-47190,..,..,..,..,-200840,..,..,..,..,-420046,..,..,..,..,-764123,..,..,..,..,-383389,..,..,..,..,-2030083,..,..,..,..,-2390895,..,..,..,..,-1698448,..,..,..,..,-1624595,..
China,CHN,"Personal remittances, received (current US$)",BX.TRF.PWKR.CD.DT,..,..,..,..,..,..,..,..,..,..,..,..,..,..,..,..,..,..,..,..,..,..,617320000,542000000,403000000,271000000,445280000,228040000,326340000,188860000,195940000,389820000,619380000,631380000,857000000,350000000,1672000000,4589000000,344000000,530000000,758082000,1209000000,2353070421.5742,4625331810,6641220178.7534,3337061829.2962,4319492608.79338,6833129702.14478,9136546899.82745,9209489821,13636040942,16568371453,17065623287,17790105219,29910500593.04,44445297189.56,35225583769.72,28666122721.22,..
China,CHN,"Foreign direct investment, net inflows (BoP, current US$)",BX.KLT.DINV.CD.WD,..,..,..,..,..,..,..,..,..,..,..,..,..,..,..,..,..,..,..,..,..,..,430000000,636000000,1258000000,1659000000,1875000000,2314000000,3194000000,3393000000,3487000000,4366000000,11156000000,27515000000,33787000000,35849200000,40180000000,44237000000,43751000000,38753000000,42095300000,47053000000,53073618897.4036,57900937467.3864,68117272181.2194,104108693867.085,124082035618.506,156249335203.202,171534650311.569,131057052869.5,243703434558.178,280072219149.935,241213868161.42,290928431467.003,268097181064.335,242489331627.399,174749584584.051,168223583736.789,..
China,CHN,Net official development assistance and official aid received (current US$),DT.ODA.ALLD.CD,..,..,..,..,..,..,..,..,..,..,..,..,..,..,..,..,..,..,..,16850000,65500000,475900000,523380000,668800000,797480000,938750000,1095220000,1377940000,1919060000,2070830000,2032370000,1932580000,3002030000,3218680000,3149010000,3481070000,2655900000,2060830000,2456880000,2407000000,1749020000,1497660000,1511520000,1361550000,1710580000,1799290000,1272250000,1457520000,1317730000,1153980000,671890000,-602940000,-180530000,-656550000,-947070000,-332270000,-791530000,-1045040000,..
China,CHN,Urban population (% of total),SP.URB.TOTL.IN.ZS,16.203,16.708,17.226,17.757,18.299,18.086,17.915,17.785,17.656,17.528,17.4,17.292,17.184,17.184,17.292,17.4,17.46,17.52,17.9,18.617,19.358,20.118,20.902,21.545,22.203,22.874,23.559,24.259,24.974,25.701,26.442,27.312,28.2,29.103,30.024,30.961,31.916,32.883,33.867,34.865,35.877,37.093,38.425,39.776,41.144,42.522,43.868,45.199,46.539,47.88,49.226,50.511,51.765,53.013,54.259,55.5,56.736,57.96,..
,,,,,,,,,,,,,,,,,,,,,,,,,,,,,,,,,,,,,,,,,,,,,,,,,,,,,,,,,,,,,,
,,,,,,,,,,,,,,,,,,,,,,,,,,,,,,,,,,,,,,,,,,,,,,,,,,,,,,,,,,,,,,
,,,,,,,,,,,,,,,,,,,,,,,,,,,,,,,,,,,,,,,,,,,,,,,,,,,,,,,,,,,,,,
Data from database: World Development Indicators,,,,,,,,,,,,,,,,,,,,,,,,,,,,,,,,,,,,,,,,,,,,,,,,,,,,,,,,,,,,,,
Last Updated: 04/24/2019,,,,,,,,,,,,,,,,,,,,,,,,,,,,,,,,,,,,,,,,,,,,,,,,,,,,,,,,,,,,,,
